[
    {
        "pk": 19, 
        "model": "contenttypes.contenttype", 
        "fields": {
            "model": "appuntamento", 
            "name": "appuntamento", 
            "app_label": "administration"
        }
    }, 
    {
        "pk": 12, 
        "model": "contenttypes.contenttype", 
        "fields": {
            "model": "cliente", 
            "name": "cliente", 
            "app_label": "administration"
        }
    }, 
    {
        "pk": 23, 
        "model": "contenttypes.contenttype", 
        "fields": {
            "model": "conguagliocontratto", 
            "name": "conguaglio contratto", 
            "app_label": "administration"
        }
    }, 
    {
        "pk": 5, 
        "model": "contenttypes.contenttype", 
        "fields": {
            "model": "contenttype", 
            "name": "content type", 
            "app_label": "contenttypes"
        }
    }, 
    {
        "pk": 20, 
        "model": "contenttypes.contenttype", 
        "fields": {
            "model": "contratto", 
            "name": "contratto", 
            "app_label": "administration"
        }
    }, 
    {
        "pk": 9, 
        "model": "contenttypes.contenttype", 
        "fields": {
            "model": "dipendente", 
            "name": "dipendente", 
            "app_label": "administration"
        }
    }, 
    {
        "pk": 15, 
        "model": "contenttypes.contenttype", 
        "fields": {
            "model": "fasciatariffa", 
            "name": "fascia tariffa", 
            "app_label": "administration"
        }
    }, 
    {
        "pk": 13, 
        "model": "contenttypes.contenttype", 
        "fields": {
            "model": "gestore", 
            "name": "gestore", 
            "app_label": "administration"
        }
    }, 
    {
        "pk": 2, 
        "model": "contenttypes.contenttype", 
        "fields": {
            "model": "group", 
            "name": "group", 
            "app_label": "auth"
        }
    }, 
    {
        "pk": 8, 
        "model": "contenttypes.contenttype", 
        "fields": {
            "model": "logentry", 
            "name": "log entry", 
            "app_label": "admin"
        }
    }, 
    {
        "pk": 4, 
        "model": "contenttypes.contenttype", 
        "fields": {
            "model": "message", 
            "name": "message", 
            "app_label": "auth"
        }
    }, 
    {
        "pk": 1, 
        "model": "contenttypes.contenttype", 
        "fields": {
            "model": "permission", 
            "name": "permission", 
            "app_label": "auth"
        }
    }, 
    {
        "pk": 11, 
        "model": "contenttypes.contenttype", 
        "fields": {
            "model": "provvigionedipendente", 
            "name": "provvigione dipendente", 
            "app_label": "administration"
        }
    }, 
    {
        "pk": 18, 
        "model": "contenttypes.contenttype", 
        "fields": {
            "model": "referente", 
            "name": "referente", 
            "app_label": "administration"
        }
    }, 
    {
        "pk": 22, 
        "model": "contenttypes.contenttype", 
        "fields": {
            "model": "renditacontratto", 
            "name": "rendita contratto", 
            "app_label": "administration"
        }
    }, 
    {
        "pk": 16, 
        "model": "contenttypes.contenttype", 
        "fields": {
            "model": "serviziotariffa", 
            "name": "servizio tariffa", 
            "app_label": "administration"
        }
    }, 
    {
        "pk": 6, 
        "model": "contenttypes.contenttype", 
        "fields": {
            "model": "session", 
            "name": "session", 
            "app_label": "sessions"
        }
    },  
    {
        "pk": 7, 
        "model": "contenttypes.contenttype", 
        "fields": {
            "model": "site", 
            "name": "site", 
            "app_label": "sites"
        }
    }, 
    {
        "pk": 17, 
        "model": "contenttypes.contenttype", 
        "fields": {
            "model": "tariffa", 
            "name": "tariffa", 
            "app_label": "administration"
        }
    }, 
    {
        "pk": 14, 
        "model": "contenttypes.contenttype", 
        "fields": {
            "model": "tipologiatariffa", 
            "name": "tipologia tariffa", 
            "app_label": "administration"
        }
    }, 
    {
        "pk": 3, 
        "model": "contenttypes.contenttype", 
        "fields": {
            "model": "user", 
            "name": "user", 
            "app_label": "auth"
        }
    }, 
    {
        "pk": 10, 
        "model": "contenttypes.contenttype", 
        "fields": {
            "model": "utente", 
            "name": "utente", 
            "app_label": "administration"
        }
    }, 
    {
        "pk": "5446f4063afe177194d1e9d59a5123e3", 
        "model": "sessions.session", 
        "fields": {
            "expire_date": "2012-02-09 17:39:12", 
            "session_data": "OTkxZDUzNzc5ODBmYjcwMDIzZWM1YzU0NTY1NjJkYTY2NDg2ZGY4ZjqAAn1xAS4=\n"
        }
    }, 
    {
        "pk": 1, 
        "model": "sites.site", 
        "fields": {
            "domain": "example.com", 
            "name": "example.com"
        }
    },  
    {
        "pk": 6, 
        "model": "administration.cliente", 
        "fields": {
            "residenza": "grottammare", 
            "indirizzo": "via del correggio 23", 
            "tipo": "pri", 
            "partiva_codfisc": "4561230789", 
            "nome": "valeria", 
            "cognome": "capriotti", 
            "denominazione": "", 
            "fax": "", 
            "modifica": "2012-01-25 19:01:29", 
            "blindato": false, 
            "nota": "cliente edison", 
            "cellulare": "3321234567", 
            "creazione": "2012-01-25 19:01:29", 
            "telefono": "", 
            "email": ""
        }
    }, 
    {
        "pk": 1, 
        "model": "administration.cliente", 
        "fields": {
            "residenza": "san benedetto del tronto", 
            "indirizzo": "via togliatti 8", 
            "tipo": "pri", 
            "partiva_codfisc": "0123456789", 
            "nome": "salvatore", 
            "cognome": "curzi", 
            "denominazione": "", 
            "fax": "", 
            "modifica": "2012-01-25 18:55:21", 
            "blindato": false, 
            "nota": "", 
            "cellulare": "", 
            "creazione": "2012-01-25 18:55:21", 
            "telefono": "073581873", 
            "email": "salvatore@hotmail.com"
        }
    }, 
    {
        "pk": 7, 
        "model": "administration.cliente", 
        "fields": {
            "residenza": "bologna", 
            "indirizzo": "", 
            "tipo": "pri", 
            "partiva_codfisc": "88552277441", 
            "nome": "antonio", 
            "cognome": "spalazzi", 
            "denominazione": "", 
            "fax": "", 
            "modifica": "2012-01-26 16:22:55", 
            "blindato": false, 
            "nota": "", 
            "cellulare": "", 
            "creazione": "2012-01-26 16:22:55", 
            "telefono": "", 
            "email": ""
        }
    }, 
    {
        "pk": 3, 
        "model": "administration.cliente", 
        "fields": {
            "residenza": "ascoli piceno", 
            "indirizzo": "Via 418ma, 10", 
            "tipo": "bus", 
            "partiva_codfisc": "55544466689", 
            "nome": "", 
            "cognome": "", 
            "denominazione": "A.V. Costruzioni di Valacchi Andrea e C. Sas", 
            "fax": "0736342057", 
            "modifica": "2012-01-25 18:57:56", 
            "blindato": true, 
            "nota": "", 
            "cellulare": "3273280483", 
            "creazione": "2012-01-25 18:57:56", 
            "telefono": "", 
            "email": ""
        }
    }, 
    {
        "pk": 8, 
        "model": "administration.cliente", 
        "fields": {
            "residenza": "ascoli piceno", 
            "indirizzo": "Via Napoli 104  ", 
            "tipo": "pri", 
            "partiva_codfisc": "77553399551", 
            "nome": "", 
            "cognome": "", 
            "denominazione": "Assistenza Italgas Piu' \t\t", 
            "fax": "", 
            "modifica": "2012-01-26 16:59:17", 
            "blindato": false, 
            "nota": "", 
            "cellulare": "", 
            "creazione": "2012-01-26 16:59:17", 
            "telefono": "0736393280", 
            "email": ""
        }
    }, 
    {
        "pk": 2, 
        "model": "administration.cliente", 
        "fields": {
            "residenza": "san benedetto del tronto", 
            "indirizzo": "Via Piemonte, 31", 
            "tipo": "bus", 
            "partiva_codfisc": "1123456789", 
            "nome": "", 
            "cognome": "", 
            "denominazione": "Elle Snc di Del Zompo Elisa e Postacchini Ele", 
            "fax": "", 
            "modifica": "2012-01-25 18:56:50", 
            "blindato": false, 
            "nota": "\u00e8 un bar", 
            "cellulare": "3469616294", 
            "creazione": "2012-01-25 18:56:50", 
            "telefono": "", 
            "email": ""
        }
    }, 
    {
        "pk": 4, 
        "model": "administration.cliente", 
        "fields": {
            "residenza": "grottammare", 
            "indirizzo": "Largo Raffaello Sanzio, 1", 
            "tipo": "bus", 
            "partiva_codfisc": "9876543210", 
            "nome": "", 
            "cognome": "", 
            "denominazione": "Omnitec di zagaglia mauro e c. snc", 
            "fax": "", 
            "modifica": "2012-01-25 18:59:29", 
            "blindato": false, 
            "nota": "", 
            "cellulare": "", 
            "creazione": "2012-01-25 18:59:29", 
            "telefono": "0735566288", 
            "email": ""
        }
    }, 
    {
        "pk": 5, 
        "model": "administration.cliente", 
        "fields": {
            "residenza": "san benedetto del tronto", 
            "indirizzo": "via voltattorni 1", 
            "tipo": "bus", 
            "partiva_codfisc": "6549873210", 
            "nome": "pasquale", 
            "cognome": "cipolloni", 
            "denominazione": "TMT", 
            "fax": "0735212421", 
            "modifica": "2012-01-25 19:00:33", 
            "blindato": false, 
            "nota": "", 
            "cellulare": "", 
            "creazione": "2012-01-25 19:00:33", 
            "telefono": "0735212425", 
            "email": "tmt@info.it"
        }
    }, 
    {
        "pk": "edison", 
        "model": "administration.gestore", 
        "fields": {}
    }, 
    {
        "pk": "telecom", 
        "model": "administration.gestore", 
        "fields": {}
    }, 
    {
        "pk": "tim", 
        "model": "administration.gestore", 
        "fields": {}
    }, 
    {
        "pk": 5, 
        "model": "administration.tipologiatariffa", 
        "fields": {
            "denominazione": "gas", 
            "gestore": "edison"
        }
    }, 
    {
        "pk": 6, 
        "model": "administration.tipologiatariffa", 
        "fields": {
            "denominazione": "luce", 
            "gestore": "edison"
        }
    }, 
    {
        "pk": 4, 
        "model": "administration.tipologiatariffa", 
        "fields": {
            "denominazione": "adsl", 
            "gestore": "telecom"
        }
    }, 
    {
        "pk": 3, 
        "model": "administration.tipologiatariffa", 
        "fields": {
            "denominazione": "fisso", 
            "gestore": "telecom"
        }
    }, 
    {
        "pk": 2, 
        "model": "administration.tipologiatariffa", 
        "fields": {
            "denominazione": "dati", 
            "gestore": "tim"
        }
    }, 
    {
        "pk": 1, 
        "model": "administration.tipologiatariffa", 
        "fields": {
            "denominazione": "sim", 
            "gestore": "tim"
        }
    }, 
    {
        "pk": 10, 
        "model": "administration.fasciatariffa", 
        "fields": {
            "denominazione": "0-4", 
            "gestore": "edison"
        }
    }, 
    {
        "pk": 4, 
        "model": "administration.fasciatariffa", 
        "fields": {
            "denominazione": "0-500", 
            "gestore": "edison"
        }
    }, 
    {
        "pk": 12, 
        "model": "administration.fasciatariffa", 
        "fields": {
            "denominazione": "12-25", 
            "gestore": "edison"
        }
    }, 
    {
        "pk": 13, 
        "model": "administration.fasciatariffa", 
        "fields": {
            "denominazione": "25-50", 
            "gestore": "edison"
        }
    }, 
    {
        "pk": 6, 
        "model": "administration.fasciatariffa", 
        "fields": {
            "denominazione": "2501-3500", 
            "gestore": "edison"
        }
    }, 
    {
        "pk": 7, 
        "model": "administration.fasciatariffa", 
        "fields": {
            "denominazione": "3501-8000", 
            "gestore": "edison"
        }
    }, 
    {
        "pk": 11, 
        "model": "administration.fasciatariffa", 
        "fields": {
            "denominazione": "4-12", 
            "gestore": "edison"
        }
    }, 
    {
        "pk": 9, 
        "model": "administration.fasciatariffa", 
        "fields": {
            "denominazione": "50000-200000", 
            "gestore": "edison"
        }
    }, 
    {
        "pk": 5, 
        "model": "administration.fasciatariffa", 
        "fields": {
            "denominazione": "501-2500", 
            "gestore": "edison"
        }
    }, 
    {
        "pk": 8, 
        "model": "administration.fasciatariffa", 
        "fields": {
            "denominazione": "8001-50000", 
            "gestore": "edison"
        }
    }, 
    {
        "pk": 14, 
        "model": "administration.fasciatariffa", 
        "fields": {
            "denominazione": ">50", 
            "gestore": "edison"
        }
    }, 
    {
        "pk": 3, 
        "model": "administration.fasciatariffa", 
        "fields": {
            "denominazione": "high", 
            "gestore": "tim"
        }
    }, 
    {
        "pk": 1, 
        "model": "administration.fasciatariffa", 
        "fields": {
            "denominazione": "low", 
            "gestore": "tim"
        }
    }, 
    {
        "pk": 2, 
        "model": "administration.fasciatariffa", 
        "fields": {
            "denominazione": "medium", 
            "gestore": "tim"
        }
    },
    {
        "pk": 15, 
        "model": "administration.fasciatariffa", 
        "fields": {
            "denominazione": "premium", 
            "gestore": "telecom"
        }
    },
    {
        "pk": 5, 
        "model": "administration.serviziotariffa", 
        "fields": {
            "denominazione": "nip", 
            "gestore": "telecom"
        }
    }, 
    {
        "pk": 4, 
        "model": "administration.serviziotariffa", 
        "fields": {
            "denominazione": "ull", 
            "gestore": "telecom"
        }
    }, 
    {
        "pk": 2, 
        "model": "administration.serviziotariffa", 
        "fields": {
            "denominazione": "al", 
            "gestore": "tim"
        }
    }, 
    {
        "pk": 3, 
        "model": "administration.serviziotariffa", 
        "fields": {
            "denominazione": "mnp", 
            "gestore": "tim"
        }
    }, 
    {
        "pk": 1, 
        "model": "administration.serviziotariffa", 
        "fields": {
            "denominazione": "virtuale", 
            "gestore": "tim"
        }
    }, 
    {
        "pk": 10, 
        "model": "administration.tariffa", 
        "fields": {
            "attivo": true, 
            "servizio": null, 
            "tipo": 2, 
            "sac": "15.00", 
            "profilo": "alice 50H", 
            "gestore": "tim", 
            "modifica": "2012-01-25 19:42:04", 
            "creazione": "2012-01-25 19:42:04", 
            "punteggio": "0.50", 
            "fascia": null
        }
    }, 
    {
        "pk": 7, 
        "model": "administration.tariffa", 
        "fields": {
            "attivo": true, 
            "servizio": 1, 
            "tipo": 1, 
            "sac": "20.00", 
            "profilo": "azienda 12", 
            "gestore": "tim", 
            "modifica": "2012-01-25 19:40:11", 
            "creazione": "2012-01-25 19:40:11", 
            "punteggio": "0.50", 
            "fascia": null
        }
    }, 
    {
        "pk": 8, 
        "model": "administration.tariffa", 
        "fields": {
            "attivo": true, 
            "servizio": 2, 
            "tipo": 1, 
            "sac": "25.00", 
            "profilo": "azienda 12", 
            "gestore": "tim", 
            "modifica": "2012-01-25 19:40:37", 
            "creazione": "2012-01-25 19:40:37", 
            "punteggio": "0.50", 
            "fascia": null
        }
    }, 
    {
        "pk": 9, 
        "model": "administration.tariffa", 
        "fields": { 
            "attivo": true, 
            "servizio": 3, 
            "tipo": 1, 
            "sac": "30.00", 
            "profilo": "azienda 12", 
            "gestore": "tim", 
            "modifica": "2012-01-25 19:41:16", 
            "creazione": "2012-01-25 19:41:16",  
            "punteggio": "0.50", 
            "fascia": null
        }
    }, 
    {
        "pk": 1, 
        "model": "administration.tariffa", 
        "fields": {
            "attivo": true, 
            "servizio": 1, 
            "tipo": 1, 
            "sac": "40.00", 
            "profilo": "flex", 
            "gestore": "tim", 
            "modifica": "2012-01-25 19:35:18", 
            "creazione": "2012-01-25 19:35:18", 
            "punteggio": "1.00", 
            "fascia": null
        }
    }, 
    {
        "pk": 3, 
        "model": "administration.tariffa", 
        "fields": {
            "attivo": true, 
            "servizio": 1, 
            "tipo": 1, 
            "sac": "50.00", 
            "profilo": "flex", 
            "gestore": "tim", 
            "modifica": "2012-01-25 19:36:08", 
            "creazione": "2012-01-25 19:36:08", 
            "punteggio": "1.00", 
            "fascia": null
        }
    }, 
    {
        "pk": 2, 
        "model": "administration.tariffa", 
        "fields": {
            "attivo": true, 
            "servizio": 3, 
            "tipo": 1, 
            "sac": "45.00", 
            "profilo": "flex", 
            "gestore": "tim", 
            "modifica": "2012-01-25 19:35:48", 
            "creazione": "2012-01-25 19:35:48", 
            "punteggio": "1.00", 
            "fascia": null
        }
    }, 
    {
        "pk": 11, 
        "model": "administration.tariffa", 
        "fields": {
            "attivo": true, 
            "servizio": null, 
            "tipo": 2, 
            "sac": "30.00", 
            "profilo": "mobiweb tab", 
            "gestore": "tim", 
            "modifica": "2012-01-25 19:43:34", 
            "creazione": "2012-01-25 19:43:34", 
            "punteggio": "0.50", 
            "fascia": null
        }
    }, 
    {
        "pk": 4, 
        "model": "administration.tariffa", 
        "fields": {
            "attivo": true, 
            "servizio": null, 
            "tipo": 1, 
            "sac": "55.00", 
            "profilo": "tim valore top", 
            "gestore": "tim", 
            "modifica": "2012-01-25 19:37:08", 
            "creazione": "2012-01-25 19:37:08", 
            "punteggio": "0.50", 
            "fascia": 1
        }
    }, 
    {
        "pk": 5, 
        "model": "administration.tariffa", 
        "fields": {
            "attivo": true, 
            "servizio": null, 
            "tipo": 1, 
            "sac": "70.00", 
            "profilo": "tim valore top", 
            "gestore": "tim", 
            "modifica": "2012-01-25 19:37:33", 
            "creazione": "2012-01-25 19:37:33", 
            "punteggio": "1.00", 
            "fascia": 2
        }
    }, 
    {
        "pk": 6, 
        "model": "administration.tariffa", 
        "fields": {
            "attivo": true, 
            "servizio": null, 
            "tipo": 1, 
            "sac": "85.00", 
            "profilo": "tim valore top", 
            "gestore": "tim", 
            "modifica": "2012-01-25 19:37:58", 
            "creazione": "2012-01-25 19:37:58", 
            "punteggio": "1.50", 
            "fascia": 3
        }
    }
]