[
    {
        "pk": 19, 
        "model": "contenttypes.contenttype", 
        "fields": {
            "model": "appuntamento", 
            "name": "appuntamento", 
            "app_label": "administration"
        }
    }, 
    {
        "pk": 12, 
        "model": "contenttypes.contenttype", 
        "fields": {
            "model": "cliente", 
            "name": "cliente", 
            "app_label": "administration"
        }
    }, 
    {
        "pk": 5, 
        "model": "contenttypes.contenttype", 
        "fields": {
            "model": "contenttype", 
            "name": "content type", 
            "app_label": "contenttypes"
        }
    }, 
    {
        "pk": 20, 
        "model": "contenttypes.contenttype", 
        "fields": {
            "model": "contratto", 
            "name": "contratto", 
            "app_label": "administration"
        }
    }, 
    {
        "pk": 9, 
        "model": "contenttypes.contenttype", 
        "fields": {
            "model": "dipendente", 
            "name": "dipendente", 
            "app_label": "administration"
        }
    }, 
    {
        "pk": 15, 
        "model": "contenttypes.contenttype", 
        "fields": {
            "model": "fasciatariffa", 
            "name": "fascia tariffa", 
            "app_label": "administration"
        }
    }, 
    {
        "pk": 13, 
        "model": "contenttypes.contenttype", 
        "fields": {
            "model": "gestore", 
            "name": "gestore", 
            "app_label": "administration"
        }
    }, 
    {
        "pk": 2, 
        "model": "contenttypes.contenttype", 
        "fields": {
            "model": "group", 
            "name": "group", 
            "app_label": "auth"
        }
    }, 
    {
        "pk": 8, 
        "model": "contenttypes.contenttype", 
        "fields": {
            "model": "logentry", 
            "name": "log entry", 
            "app_label": "admin"
        }
    }, 
    {
        "pk": 4, 
        "model": "contenttypes.contenttype", 
        "fields": {
            "model": "message", 
            "name": "message", 
            "app_label": "auth"
        }
    }, 
    {
        "pk": 22, 
        "model": "contenttypes.contenttype", 
        "fields": {
            "model": "obiettivo", 
            "name": "obiettivo", 
            "app_label": "administration"
        }
    }, 
    {
        "pk": 1, 
        "model": "contenttypes.contenttype", 
        "fields": {
            "model": "permission", 
            "name": "permission", 
            "app_label": "auth"
        }
    }, 
    {
        "pk": 21, 
        "model": "contenttypes.contenttype", 
        "fields": {
            "model": "pianotariffario", 
            "name": "piano tariffario", 
            "app_label": "administration"
        }
    }, 
    {
        "pk": 18, 
        "model": "contenttypes.contenttype", 
        "fields": {
            "model": "referente", 
            "name": "referente", 
            "app_label": "administration"
        }
    }, 
    {
        "pk": 11, 
        "model": "contenttypes.contenttype", 
        "fields": {
            "model": "retribuzionedipendente", 
            "name": "retribuzione dipendente", 
            "app_label": "administration"
        }
    }, 
    {
        "pk": 16, 
        "model": "contenttypes.contenttype", 
        "fields": {
            "model": "serviziotariffa", 
            "name": "servizio tariffa", 
            "app_label": "administration"
        }
    }, 
    {
        "pk": 6, 
        "model": "contenttypes.contenttype", 
        "fields": {
            "model": "session", 
            "name": "session", 
            "app_label": "sessions"
        }
    }, 
    {
        "pk": 7, 
        "model": "contenttypes.contenttype", 
        "fields": {
            "model": "site", 
            "name": "site", 
            "app_label": "sites"
        }
    }, 
    {
        "pk": 17, 
        "model": "contenttypes.contenttype", 
        "fields": {
            "model": "tariffa", 
            "name": "tariffa", 
            "app_label": "administration"
        }
    }, 
    {
        "pk": 14, 
        "model": "contenttypes.contenttype", 
        "fields": {
            "model": "tipologiatariffa", 
            "name": "tipologia tariffa", 
            "app_label": "administration"
        }
    }, 
    {
        "pk": 3, 
        "model": "contenttypes.contenttype", 
        "fields": {
            "model": "user", 
            "name": "user", 
            "app_label": "auth"
        }
    }, 
    {
        "pk": 10, 
        "model": "contenttypes.contenttype", 
        "fields": {
            "model": "utente", 
            "name": "utente", 
            "app_label": "administration"
        }
    }, 
    {
        "pk": "36befcfeb3bd70790cda7fbf62a093c3", 
        "model": "sessions.session", 
        "fields": {
            "expire_date": "2012-04-05 11:38:33", 
            "session_data": "ZTI5ZTM2MzgzZjkwZjhjNGNiZmNlYWZlOGY4YmI2NGJmMzRlNzg1ZjqAAn1xAShVEl9hdXRoX3Vz\nZXJfYmFja2VuZHECVSlkamFuZ28uY29udHJpYi5hdXRoLmJhY2tlbmRzLk1vZGVsQmFja2VuZHED\nVQ1fYXV0aF91c2VyX2lkcQSKAQd1Lg==\n"
        }
    }, 
    {
        "pk": 1, 
        "model": "sites.site", 
        "fields": {
            "domain": "example.com", 
            "name": "example.com"
        }
    }, 
    {
        "pk": 2, 
        "model": "administration.dipendente", 
        "fields": {
            "account": 8, 
            "data_assunzione": "2012-02-01", 
            "nome": "marina", 
            "cognome": "cipolloni", 
            "data_licenziamento": null, 
            "modifica": "2012-03-20 15:51:59", 
            "creazione": "2012-03-12 12:56:31", 
            "ruolo": "tel", 
            "cellulare": "3346189712", 
            "telefono": "", 
            "email": "maringia3@yahoo.it"
        }
    }, 
    {
        "pk": 1, 
        "model": "administration.dipendente", 
        "fields": {
            "account": null, 
            "data_assunzione": "2012-03-05", 
            "nome": "luigi", 
            "cognome": "curzi", 
            "data_licenziamento": null, 
            "modifica": "2012-03-08 17:38:16", 
            "creazione": "2012-03-08 17:38:16", 
            "ruolo": "agt", 
            "cellulare": "", 
            "telefono": "", 
            "email": "luigi_curzi@yahoo.it"
        }
    }, 
    {
        "pk": 4, 
        "model": "administration.dipendente", 
        "fields": {
            "account": null, 
            "data_assunzione": "2012-03-01", 
            "nome": "francesca", 
            "cognome": "fasiello", 
            "data_licenziamento": null, 
            "modifica": "2012-03-12 12:58:19", 
            "creazione": "2012-03-12 12:58:19", 
            "ruolo": "agt", 
            "cellulare": "", 
            "telefono": "", 
            "email": "francesca@libero.it"
        }
    }, 
    {
        "pk": 3, 
        "model": "administration.dipendente", 
        "fields": {
            "account": null, 
            "data_assunzione": "2012-03-01", 
            "nome": "carla", 
            "cognome": "mate", 
            "data_licenziamento": null, 
            "modifica": "2012-03-12 12:57:44", 
            "creazione": "2012-03-12 12:57:44", 
            "ruolo": "tel", 
            "cellulare": "", 
            "telefono": "", 
            "email": "mate.carla@hotmail.com"
        }
    }, 
    {
        "pk": 5, 
        "model": "administration.dipendente", 
        "fields": {
            "account": null, 
            "data_assunzione": "2012-02-15", 
            "nome": "antonio", 
            "cognome": "tondo", 
            "data_licenziamento": "2012-03-12", 
            "modifica": "2012-03-12 16:28:47", 
            "creazione": "2012-03-12 12:59:08", 
            "ruolo": "agt", 
            "cellulare": "", 
            "telefono": "", 
            "email": "antons25@gmail.com"
        }
    }, 
    {
        "pk": 6, 
        "model": "administration.dipendente", 
        "fields": {
            "account": null, 
            "data_assunzione": "2012-03-10", 
            "nome": "antonio", 
            "cognome": "tondo", 
            "data_licenziamento": null, 
            "modifica": "2012-03-12 16:34:38", 
            "creazione": "2012-03-12 16:34:19", 
            "ruolo": "agt", 
            "cellulare": "", 
            "telefono": "", 
            "email": "antons25@gmail.com"
        }
    }, 
    {
        "pk": 6, 
        "model": "administration.retribuzionedipendente", 
        "fields": {
            "dipendente": 6, 
            "provvigione_bonus": "provvigione:10.0,blindato:1;", 
            "data_fine": "2012-03-13", 
            "principale": true, 
            "modifica": "2012-03-12 16:34:20", 
            "creazione": "2012-03-12 16:34:20", 
            "provvigione_contratto": "50.00", 
            "variazione": false, 
            "fisso": "200.00", 
            "data_inizio": "2012-03-13"
        }
    }, 
    {
        "pk": 1, 
        "model": "administration.retribuzionedipendente", 
        "fields": {
            "dipendente": 1, 
            "provvigione_bonus": "provvigione:10.0,blindato:1;", 
            "data_fine": "2012-03-08", 
            "principale": true, 
            "modifica": "2012-03-08 17:38:16", 
            "creazione": "2012-03-08 17:38:16", 
            "provvigione_contratto": "50.00", 
            "variazione": false, 
            "fisso": "200.00", 
            "data_inizio": "2012-03-08"
        }
    }, 
    {
        "pk": 3, 
        "model": "administration.retribuzionedipendente", 
        "fields": {
            "dipendente": 3, 
            "provvigione_bonus": "provvigione:1.0,tipo:sim;provvigione:10.0,gestore:telecom,servizio:ull;provvigione:10.0,gestore:telecom,servizio:nip;provvigione:10.0,gestore:telecom,servizio:nip;provvigione:5.0,tipo:adsl;provvigione:10.0,fascia:premium,tipo:adsl;", 
            "data_fine": "2012-03-01", 
            "principale": true, 
            "modifica": "2012-03-12 12:57:44", 
            "creazione": "2012-03-12 12:57:44", 
            "provvigione_contratto": "10.00", 
            "variazione": false, 
            "fisso": "200.00", 
            "data_inizio": "2012-03-01"
        }
    }, 
    {
        "pk": 4, 
        "model": "administration.retribuzionedipendente", 
        "fields": {
            "dipendente": 4, 
            "provvigione_bonus": "provvigione:10.0,blindato:1;", 
            "data_fine": "2012-03-01", 
            "principale": true, 
            "modifica": "2012-03-12 12:58:19", 
            "creazione": "2012-03-12 12:58:19", 
            "provvigione_contratto": "50.00", 
            "variazione": false, 
            "fisso": "200.00", 
            "data_inizio": "2012-03-01"
        }
    }, 
    {
        "pk": 5, 
        "model": "administration.retribuzionedipendente", 
        "fields": {
            "dipendente": 5, 
            "provvigione_bonus": "provvigione:10.0,blindato:1;", 
            "data_fine": "2012-02-15", 
            "principale": true, 
            "modifica": "2012-03-12 12:59:08", 
            "creazione": "2012-03-12 12:59:08", 
            "provvigione_contratto": "50.00", 
            "variazione": false, 
            "fisso": "200.00", 
            "data_inizio": "2012-02-15"
        }
    }, 
    {
        "pk": 2, 
        "model": "administration.retribuzionedipendente", 
        "fields": {
            "dipendente": 2, 
            "provvigione_bonus": "provvigione:1.0,tipo:sim;provvigione:10.0,gestore:telecom,servizio:ull;provvigione:10.0,gestore:telecom,servizio:nip;provvigione:10.0,gestore:telecom,servizio:nip;provvigione:5.0,tipo:adsl;provvigione:10.0,fascia:premium,tipo:adsl;", 
            "data_fine": "2012-02-01", 
            "principale": true, 
            "modifica": "2012-03-12 12:56:31", 
            "creazione": "2012-03-12 12:56:31", 
            "provvigione_contratto": "10.00", 
            "variazione": false, 
            "fisso": "200.00", 
            "data_inizio": "2012-02-01"
        }
    }, 
    {
        "pk": 6, 
        "model": "administration.cliente", 
        "fields": {
            "residenza": "grottammare", 
            "indirizzo": "via del correggio 23", 
            "tipo": "pri", 
            "partiva_codfisc": "4561230789", 
            "nome": "valeria", 
            "cognome": "capriotti", 
            "denominazione": "", 
            "fax": "", 
            "modifica": "2012-01-25 19:01:29", 
            "blindato": false, 
            "nota": "cliente edison", 
            "cellulare": "3321234567", 
            "creazione": "2012-01-25 19:01:29", 
            "telefono": "", 
            "email": ""
        }
    }, 
    {
        "pk": 1, 
        "model": "administration.cliente", 
        "fields": {
            "residenza": "san benedetto del tronto", 
            "indirizzo": "via togliatti 8", 
            "tipo": "pri", 
            "partiva_codfisc": "0123456789", 
            "nome": "salvatore", 
            "cognome": "curzi", 
            "denominazione": "", 
            "fax": "", 
            "modifica": "2012-01-25 18:55:21", 
            "blindato": false, 
            "nota": "", 
            "cellulare": "", 
            "creazione": "2012-01-25 18:55:21", 
            "telefono": "073581873", 
            "email": "salvatore@hotmail.com"
        }
    }, 
    {
        "pk": 7, 
        "model": "administration.cliente", 
        "fields": {
            "residenza": "bologna", 
            "indirizzo": "", 
            "tipo": "pri", 
            "partiva_codfisc": "88552277441", 
            "nome": "antonio", 
            "cognome": "spalazzi", 
            "denominazione": "", 
            "fax": "", 
            "modifica": "2012-01-26 16:22:55", 
            "blindato": false, 
            "nota": "", 
            "cellulare": "", 
            "creazione": "2012-01-26 16:22:55", 
            "telefono": "", 
            "email": ""
        }
    }, 
    {
        "pk": 3, 
        "model": "administration.cliente", 
        "fields": {
            "residenza": "ascoli piceno", 
            "indirizzo": "Via 418ma, 10", 
            "tipo": "bus", 
            "partiva_codfisc": "55544466689", 
            "nome": "", 
            "cognome": "", 
            "denominazione": "A.V. Costruzioni di Valacchi Andrea e C. Sas", 
            "fax": "0736342057", 
            "modifica": "2012-01-25 18:57:56", 
            "blindato": true, 
            "nota": "", 
            "cellulare": "3273280483", 
            "creazione": "2012-01-25 18:57:56", 
            "telefono": "", 
            "email": ""
        }
    }, 
    {
        "pk": 8, 
        "model": "administration.cliente", 
        "fields": {
            "residenza": "ascoli piceno", 
            "indirizzo": "Via Napoli 104  ", 
            "tipo": "pri", 
            "partiva_codfisc": "77553399551", 
            "nome": "", 
            "cognome": "", 
            "denominazione": "Assistenza Italgas Piu' \t\t", 
            "fax": "", 
            "modifica": "2012-01-26 16:59:17", 
            "blindato": false, 
            "nota": "", 
            "cellulare": "", 
            "creazione": "2012-01-26 16:59:17", 
            "telefono": "0736393280", 
            "email": ""
        }
    }, 
    {
        "pk": 2, 
        "model": "administration.cliente", 
        "fields": {
            "residenza": "san benedetto del tronto", 
            "indirizzo": "Via Piemonte, 31", 
            "tipo": "bus", 
            "partiva_codfisc": "1123456789", 
            "nome": "", 
            "cognome": "", 
            "denominazione": "Elle Snc di Del Zompo Elisa e Postacchini Ele", 
            "fax": "", 
            "modifica": "2012-01-25 18:56:50", 
            "blindato": false, 
            "nota": "\u00e8 un bar", 
            "cellulare": "3469616294", 
            "creazione": "2012-01-25 18:56:50", 
            "telefono": "", 
            "email": ""
        }
    }, 
    {
        "pk": 4, 
        "model": "administration.cliente", 
        "fields": {
            "residenza": "grottammare", 
            "indirizzo": "Largo Raffaello Sanzio, 1", 
            "tipo": "bus", 
            "partiva_codfisc": "9876543210", 
            "nome": "", 
            "cognome": "", 
            "denominazione": "Omnitec di zagaglia mauro e c. snc", 
            "fax": "", 
            "modifica": "2012-01-25 18:59:29", 
            "blindato": false, 
            "nota": "", 
            "cellulare": "", 
            "creazione": "2012-01-25 18:59:29", 
            "telefono": "0735566288", 
            "email": ""
        }
    }, 
    {
        "pk": 5, 
        "model": "administration.cliente", 
        "fields": {
            "residenza": "san benedetto del tronto", 
            "indirizzo": "via voltattorni 1", 
            "tipo": "bus", 
            "partiva_codfisc": "6549873210", 
            "nome": "pasquale", 
            "cognome": "cipolloni", 
            "denominazione": "TMT", 
            "fax": "0735212421", 
            "modifica": "2012-01-25 19:00:33", 
            "blindato": false, 
            "nota": "", 
            "cellulare": "", 
            "creazione": "2012-01-25 19:00:33", 
            "telefono": "0735212425", 
            "email": "tmt@info.it"
        }
    }, 
    {
        "pk": "edison", 
        "model": "administration.gestore", 
        "fields": {}
    }, 
    {
        "pk": "telecom", 
        "model": "administration.gestore", 
        "fields": {}
    }, 
    {
        "pk": "tim", 
        "model": "administration.gestore", 
        "fields": {}
    }, 
    {
        "pk": 5, 
        "model": "administration.tipologiatariffa", 
        "fields": {
            "denominazione": "gas", 
            "gestore": "edison"
        }
    }, 
    {
        "pk": 6, 
        "model": "administration.tipologiatariffa", 
        "fields": {
            "denominazione": "luce", 
            "gestore": "edison"
        }
    }, 
    {
        "pk": 4, 
        "model": "administration.tipologiatariffa", 
        "fields": {
            "denominazione": "adsl", 
            "gestore": "telecom"
        }
    }, 
    {
        "pk": 3, 
        "model": "administration.tipologiatariffa", 
        "fields": {
            "denominazione": "fisso", 
            "gestore": "telecom"
        }
    }, 
    {
        "pk": 7, 
        "model": "administration.tipologiatariffa", 
        "fields": {
            "denominazione": "ull", 
            "gestore": "telecom"
        }
    }, 
    {
        "pk": 2, 
        "model": "administration.tipologiatariffa", 
        "fields": {
            "denominazione": "dati", 
            "gestore": "tim"
        }
    }, 
    {
        "pk": 1, 
        "model": "administration.tipologiatariffa", 
        "fields": {
            "denominazione": "sim", 
            "gestore": "tim"
        }
    }, 
    {
        "pk": 10, 
        "model": "administration.fasciatariffa", 
        "fields": {
            "denominazione": "0-4", 
            "gestore": "edison"
        }
    }, 
    {
        "pk": 4, 
        "model": "administration.fasciatariffa", 
        "fields": {
            "denominazione": "0-500", 
            "gestore": "edison"
        }
    }, 
    {
        "pk": 12, 
        "model": "administration.fasciatariffa", 
        "fields": {
            "denominazione": "12-25", 
            "gestore": "edison"
        }
    }, 
    {
        "pk": 13, 
        "model": "administration.fasciatariffa", 
        "fields": {
            "denominazione": "25-50", 
            "gestore": "edison"
        }
    }, 
    {
        "pk": 6, 
        "model": "administration.fasciatariffa", 
        "fields": {
            "denominazione": "2501-3500", 
            "gestore": "edison"
        }
    }, 
    {
        "pk": 7, 
        "model": "administration.fasciatariffa", 
        "fields": {
            "denominazione": "3501-8000", 
            "gestore": "edison"
        }
    }, 
    {
        "pk": 11, 
        "model": "administration.fasciatariffa", 
        "fields": {
            "denominazione": "4-12", 
            "gestore": "edison"
        }
    }, 
    {
        "pk": 9, 
        "model": "administration.fasciatariffa", 
        "fields": {
            "denominazione": "50000-200000", 
            "gestore": "edison"
        }
    }, 
    {
        "pk": 5, 
        "model": "administration.fasciatariffa", 
        "fields": {
            "denominazione": "501-2500", 
            "gestore": "edison"
        }
    }, 
    {
        "pk": 8, 
        "model": "administration.fasciatariffa", 
        "fields": {
            "denominazione": "8001-50000", 
            "gestore": "edison"
        }
    }, 
    {
        "pk": 14, 
        "model": "administration.fasciatariffa", 
        "fields": {
            "denominazione": ">50", 
            "gestore": "edison"
        }
    }, 
    {
        "pk": 15, 
        "model": "administration.fasciatariffa", 
        "fields": {
            "denominazione": "premium", 
            "gestore": "telecom"
        }
    }, 
    {
        "pk": 3, 
        "model": "administration.fasciatariffa", 
        "fields": {
            "denominazione": "high", 
            "gestore": "tim"
        }
    }, 
    {
        "pk": 1, 
        "model": "administration.fasciatariffa", 
        "fields": {
            "denominazione": "low", 
            "gestore": "tim"
        }
    }, 
    {
        "pk": 2, 
        "model": "administration.fasciatariffa", 
        "fields": {
            "denominazione": "medium", 
            "gestore": "tim"
        }
    }, 
    {
        "pk": 5, 
        "model": "administration.serviziotariffa", 
        "fields": {
            "denominazione": "nip", 
            "gestore": "telecom"
        }
    }, 
    {
        "pk": 4, 
        "model": "administration.serviziotariffa", 
        "fields": {
            "denominazione": "ull", 
            "gestore": "telecom"
        }
    }, 
    {
        "pk": 2, 
        "model": "administration.serviziotariffa", 
        "fields": {
            "denominazione": "al", 
            "gestore": "tim"
        }
    }, 
    {
        "pk": 3, 
        "model": "administration.serviziotariffa", 
        "fields": {
            "denominazione": "mnp", 
            "gestore": "tim"
        }
    }, 
    {
        "pk": 1, 
        "model": "administration.serviziotariffa", 
        "fields": {
            "denominazione": "virtuale", 
            "gestore": "tim"
        }
    }, 
    {
        "pk": 10, 
        "model": "administration.tariffa", 
        "fields": {
            "attivo": true, 
            "servizio": null, 
            "tipo": 2, 
            "sac": "15.00", 
            "profilo": "alice 50H", 
            "gestore": "tim", 
            "modifica": "2012-01-25 19:42:04", 
            "creazione": "2012-01-25 19:42:04", 
            "punteggio": "0.50", 
            "fascia": null
        }
    }, 
    {
        "pk": 8, 
        "model": "administration.tariffa", 
        "fields": {
            "attivo": true, 
            "servizio": 2, 
            "tipo": 1, 
            "sac": "25.00", 
            "profilo": "azienda 12", 
            "gestore": "tim", 
            "modifica": "2012-01-25 19:40:37", 
            "creazione": "2012-01-25 19:40:37", 
            "punteggio": "0.50", 
            "fascia": null
        }
    }, 
    {
        "pk": 9, 
        "model": "administration.tariffa", 
        "fields": {
            "attivo": true, 
            "servizio": 3, 
            "tipo": 1, 
            "sac": "30.00", 
            "profilo": "azienda 12", 
            "gestore": "tim", 
            "modifica": "2012-01-25 19:41:16", 
            "creazione": "2012-01-25 19:41:16", 
            "punteggio": "0.50", 
            "fascia": null
        }
    }, 
    {
        "pk": 1, 
        "model": "administration.tariffa", 
        "fields": {
            "attivo": true, 
            "servizio": 1, 
            "tipo": 1, 
            "sac": "40.00", 
            "profilo": "flex", 
            "gestore": "tim", 
            "modifica": "2012-01-25 19:35:18", 
            "creazione": "2012-01-25 19:35:18", 
            "punteggio": "1.00", 
            "fascia": null
        }
    }, 
    {
        "pk": 3, 
        "model": "administration.tariffa", 
        "fields": {
            "attivo": true, 
            "servizio": 1, 
            "tipo": 1, 
            "sac": "50.00", 
            "profilo": "flex", 
            "gestore": "tim", 
            "modifica": "2012-01-25 19:36:08", 
            "creazione": "2012-01-25 19:36:08", 
            "punteggio": "1.00", 
            "fascia": null
        }
    }, 
    {
        "pk": 2, 
        "model": "administration.tariffa", 
        "fields": {
            "attivo": true, 
            "servizio": 3, 
            "tipo": 1, 
            "sac": "45.00", 
            "profilo": "flex", 
            "gestore": "tim", 
            "modifica": "2012-01-25 19:35:48", 
            "creazione": "2012-01-25 19:35:48", 
            "punteggio": "1.00", 
            "fascia": null
        }
    }, 
    {
        "pk": 11, 
        "model": "administration.tariffa", 
        "fields": {
            "attivo": true, 
            "servizio": null, 
            "tipo": 2, 
            "sac": "30.00", 
            "profilo": "mobiweb tab", 
            "gestore": "tim", 
            "modifica": "2012-01-25 19:43:34", 
            "creazione": "2012-01-25 19:43:34", 
            "punteggio": "0.50", 
            "fascia": null
        }
    }, 
    {
        "pk": 4, 
        "model": "administration.tariffa", 
        "fields": {
            "attivo": true, 
            "servizio": null, 
            "tipo": 1, 
            "sac": "55.00", 
            "profilo": "tim valore top", 
            "gestore": "tim", 
            "modifica": "2012-01-25 19:37:08", 
            "creazione": "2012-01-25 19:37:08", 
            "punteggio": "0.50", 
            "fascia": 1
        }
    }, 
    {
        "pk": 5, 
        "model": "administration.tariffa", 
        "fields": {
            "attivo": true, 
            "servizio": null, 
            "tipo": 1, 
            "sac": "70.00", 
            "profilo": "tim valore top", 
            "gestore": "tim", 
            "modifica": "2012-01-25 19:37:33", 
            "creazione": "2012-01-25 19:37:33", 
            "punteggio": "1.00", 
            "fascia": 2
        }
    }, 
    {
        "pk": 6, 
        "model": "administration.tariffa", 
        "fields": {
            "attivo": true, 
            "servizio": null, 
            "tipo": 1, 
            "sac": "85.00", 
            "profilo": "tim valore top", 
            "gestore": "tim", 
            "modifica": "2012-01-25 19:37:58", 
            "creazione": "2012-01-25 19:37:58", 
            "punteggio": "1.50", 
            "fascia": 3
        }
    }, 
    {
        "pk": 4, 
        "model": "administration.appuntamento", 
        "fields": {
            "nota_esito": "", 
            "agente": 4, 
            "data_assegnazione": "2012-03-21", 
            "referente": null, 
            "richiamare": false, 
            "modifica": "2012-03-21 17:05:58", 
            "creazione": "2012-03-20 17:51:07", 
            "num_sim": "", 
            "nota": "", 
            "gestore_mob": "", 
            "telefonista": 2, 
            "data": "2012-03-20 17:50:00", 
            "cliente": 1, 
            "data_contatto": "2012-03-20", 
            "gestore_fisso": ""
        }
    }, 
    {
        "pk": 3, 
        "model": "administration.appuntamento", 
        "fields": {
            "nota_esito": "", 
            "agente": 1, 
            "data_assegnazione": null, 
            "referente": null, 
            "richiamare": false, 
            "modifica": "2012-03-12 17:48:48", 
            "creazione": "2012-03-12 17:48:48", 
            "num_sim": "", 
            "nota": "", 
            "gestore_mob": "", 
            "telefonista": 3, 
            "data": "2012-03-15 17:48:00", 
            "cliente": 1, 
            "data_contatto": "2012-03-12", 
            "gestore_fisso": ""
        }
    }, 
    {
        "pk": 2, 
        "model": "administration.appuntamento", 
        "fields": {
            "nota_esito": "", 
            "agente": 1, 
            "data_assegnazione": null, 
            "referente": null, 
            "richiamare": false, 
            "modifica": "2012-03-12 17:02:10", 
            "creazione": "2012-03-12 17:02:10", 
            "num_sim": "", 
            "nota": "", 
            "gestore_mob": "", 
            "telefonista": 3, 
            "data": "2012-03-12 17:02:00", 
            "cliente": 7, 
            "data_contatto": "2012-03-12", 
            "gestore_fisso": ""
        }
    }, 
    {
        "pk": 1, 
        "model": "administration.appuntamento", 
        "fields": {
            "nota_esito": "", 
            "agente": 1, 
            "data_assegnazione": null, 
            "referente": null, 
            "richiamare": false, 
            "modifica": "2012-03-12 16:59:14", 
            "creazione": "2012-03-12 16:59:14", 
            "num_sim": "", 
            "nota": "", 
            "gestore_mob": "", 
            "telefonista": 2, 
            "data": "2012-03-09 16:58:00", 
            "cliente": 6, 
            "data_contatto": "2012-03-12", 
            "gestore_fisso": ""
        }
    }, 
    {
        "pk": 4, 
        "model": "administration.contratto", 
        "fields": {
            "caricato": true, 
            "data_scadenza": "2015-03-12", 
            "agente": 4, 
            "data_inviato": "2012-03-01", 
            "attivato": false, 
            "appuntamento": null, 
            "data_rescissione": null, 
            "data_caricato": "2012-03-13", 
            "completo": true, 
            "vas_telefonista": "10.00", 
            "creazione": "2012-03-12 17:03:26", 
            "data_attivato": null, 
            "modifica": "2012-03-13 10:52:19", 
            "data_completato": "2012-03-01", 
            "data_stipula": "2012-03-28", 
            "pdf_contratto": "", 
            "nota": "", 
            "inviato": true, 
            "cliente": 7, 
            "vas_agente": "5.00"
        }
    }, 
    {
        "pk": 3, 
        "model": "administration.contratto", 
        "fields": {
            "caricato": true, 
            "data_scadenza": "2014-03-12", 
            "agente": 6, 
            "data_inviato": "2012-03-17", 
            "attivato": false, 
            "appuntamento": null, 
            "data_rescissione": null, 
            "data_caricato": "2012-03-13", 
            "completo": true, 
            "vas_telefonista": "0.00", 
            "creazione": "2012-03-12 17:01:17", 
            "data_attivato": null, 
            "modifica": "2012-03-13 10:51:54", 
            "data_completato": "2012-02-17", 
            "data_stipula": "2012-03-20", 
            "pdf_contratto": "", 
            "nota": "", 
            "inviato": true, 
            "cliente": 8, 
            "vas_agente": "0.00"
        }
    }, 
    {
        "pk": 1, 
        "model": "administration.contratto", 
        "fields": {
            "caricato": false, 
            "data_scadenza": "2014-03-12", 
            "agente": 1, 
            "data_inviato": "2012-01-05", 
            "attivato": false, 
            "appuntamento": null, 
            "data_rescissione": null, 
            "data_caricato": null, 
            "completo": true, 
            "vas_telefonista": "10.00", 
            "creazione": "2012-03-12 16:52:35", 
            "data_attivato": null, 
            "modifica": "2012-03-21 17:19:14", 
            "data_completato": "2012-01-05", 
            "data_stipula": "2012-03-12", 
            "pdf_contratto": "contratti/2012/03/24_Grana_-_Salvatore_2.mp3", 
            "nota": "", 
            "inviato": true, 
            "cliente": 6, 
            "vas_agente": "0.00"
        }
    }, 
    {
        "pk": 2, 
        "model": "administration.contratto", 
        "fields": {
            "caricato": false, 
            "data_scadenza": "2014-03-12", 
            "agente": 4, 
            "data_inviato": "2012-03-13", 
            "attivato": false, 
            "appuntamento": null, 
            "data_rescissione": null, 
            "data_caricato": null, 
            "completo": true, 
            "vas_telefonista": "5.00", 
            "creazione": "2012-03-12 16:55:06", 
            "data_attivato": null, 
            "modifica": "2012-03-13 10:51:21", 
            "data_completato": "2012-03-13", 
            "data_stipula": "2012-03-01", 
            "pdf_contratto": "", 
            "nota": "", 
            "inviato": true, 
            "cliente": 3, 
            "vas_agente": "5.00"
        }
    }, 
    {
        "pk": 1, 
        "model": "administration.pianotariffario", 
        "fields": {
            "tariffa": 10, 
            "opzione": false, 
            "contratto": 1, 
            "num": 10
        }
    }, 
    {
        "pk": 2, 
        "model": "administration.pianotariffario", 
        "fields": {
            "tariffa": 8, 
            "opzione": true, 
            "contratto": 1, 
            "num": 20
        }
    }, 
    {
        "pk": 3, 
        "model": "administration.pianotariffario", 
        "fields": {
            "tariffa": 9, 
            "opzione": false, 
            "contratto": 2, 
            "num": 25
        }
    }, 
    {
        "pk": 4, 
        "model": "administration.pianotariffario", 
        "fields": {
            "tariffa": 9, 
            "opzione": false, 
            "contratto": 3, 
            "num": 12
        }
    }, 
    {
        "pk": 5, 
        "model": "administration.pianotariffario", 
        "fields": {
            "tariffa": 10, 
            "opzione": false, 
            "contratto": 3, 
            "num": 15
        }
    }, 
    {
        "pk": 6, 
        "model": "administration.pianotariffario", 
        "fields": {
            "tariffa": 11, 
            "opzione": true, 
            "contratto": 3, 
            "num": 10
        }
    }, 
    {
        "pk": 7, 
        "model": "administration.pianotariffario", 
        "fields": {
            "tariffa": 9, 
            "opzione": false, 
            "contratto": 4, 
            "num": 25
        }
    }, 
    {
        "pk": 8, 
        "model": "administration.pianotariffario", 
        "fields": {
            "tariffa": 9, 
            "opzione": true, 
            "contratto": 4, 
            "num": 10
        }
    }, 
    {
        "pk": 2, 
        "model": "administration.obiettivo", 
        "fields": {
            "data_fine": null, 
            "denominazione": "obiettivo tim", 
            "parametri": "gestore:tim,", 
            "creazione": "2012-03-12 18:46:58", 
            "modifica": "2012-03-12 18:46:58", 
            "data_inizio": "2012-01-01", 
            "punteggio": 100
        }
    }, 
    {
        "pk": 3, 
        "model": "administration.obiettivo", 
        "fields": {
            "data_fine": null, 
            "denominazione": "tim2", 
            "parametri": "", 
            "creazione": "2012-03-13 11:12:09", 
            "modifica": "2012-03-13 11:12:09", 
            "data_inizio": "2012-01-01", 
            "punteggio": 70
        }
    }, 
    {
        "pk": 22, 
        "model": "auth.permission", 
        "fields": {
            "codename": "add_logentry", 
            "name": "Can add log entry", 
            "content_type": 8
        }
    }, 
    {
        "pk": 23, 
        "model": "auth.permission", 
        "fields": {
            "codename": "change_logentry", 
            "name": "Can change log entry", 
            "content_type": 8
        }
    }, 
    {
        "pk": 24, 
        "model": "auth.permission", 
        "fields": {
            "codename": "delete_logentry", 
            "name": "Can delete log entry", 
            "content_type": 8
        }
    }, 
    {
        "pk": 55, 
        "model": "auth.permission", 
        "fields": {
            "codename": "add_appuntamento", 
            "name": "Can add appuntamento", 
            "content_type": 19
        }
    }, 
    {
        "pk": 56, 
        "model": "auth.permission", 
        "fields": {
            "codename": "change_appuntamento", 
            "name": "Can change appuntamento", 
            "content_type": 19
        }
    }, 
    {
        "pk": 57, 
        "model": "auth.permission", 
        "fields": {
            "codename": "delete_appuntamento", 
            "name": "Can delete appuntamento", 
            "content_type": 19
        }
    }, 
    {
        "pk": 34, 
        "model": "auth.permission", 
        "fields": {
            "codename": "add_cliente", 
            "name": "Can add cliente", 
            "content_type": 12
        }
    }, 
    {
        "pk": 35, 
        "model": "auth.permission", 
        "fields": {
            "codename": "change_cliente", 
            "name": "Can change cliente", 
            "content_type": 12
        }
    }, 
    {
        "pk": 36, 
        "model": "auth.permission", 
        "fields": {
            "codename": "delete_cliente", 
            "name": "Can delete cliente", 
            "content_type": 12
        }
    }, 
    {
        "pk": 58, 
        "model": "auth.permission", 
        "fields": {
            "codename": "add_contratto", 
            "name": "Can add contratto", 
            "content_type": 20
        }
    }, 
    {
        "pk": 59, 
        "model": "auth.permission", 
        "fields": {
            "codename": "change_contratto", 
            "name": "Can change contratto", 
            "content_type": 20
        }
    }, 
    {
        "pk": 60, 
        "model": "auth.permission", 
        "fields": {
            "codename": "delete_contratto", 
            "name": "Can delete contratto", 
            "content_type": 20
        }
    }, 
    {
        "pk": 25, 
        "model": "auth.permission", 
        "fields": {
            "codename": "add_dipendente", 
            "name": "Can add dipendente", 
            "content_type": 9
        }
    }, 
    {
        "pk": 26, 
        "model": "auth.permission", 
        "fields": {
            "codename": "change_dipendente", 
            "name": "Can change dipendente", 
            "content_type": 9
        }
    }, 
    {
        "pk": 27, 
        "model": "auth.permission", 
        "fields": {
            "codename": "delete_dipendente", 
            "name": "Can delete dipendente", 
            "content_type": 9
        }
    }, 
    {
        "pk": 43, 
        "model": "auth.permission", 
        "fields": {
            "codename": "add_fasciatariffa", 
            "name": "Can add fascia tariffa", 
            "content_type": 15
        }
    }, 
    {
        "pk": 44, 
        "model": "auth.permission", 
        "fields": {
            "codename": "change_fasciatariffa", 
            "name": "Can change fascia tariffa", 
            "content_type": 15
        }
    }, 
    {
        "pk": 45, 
        "model": "auth.permission", 
        "fields": {
            "codename": "delete_fasciatariffa", 
            "name": "Can delete fascia tariffa", 
            "content_type": 15
        }
    }, 
    {
        "pk": 37, 
        "model": "auth.permission", 
        "fields": {
            "codename": "add_gestore", 
            "name": "Can add gestore", 
            "content_type": 13
        }
    }, 
    {
        "pk": 38, 
        "model": "auth.permission", 
        "fields": {
            "codename": "change_gestore", 
            "name": "Can change gestore", 
            "content_type": 13
        }
    }, 
    {
        "pk": 39, 
        "model": "auth.permission", 
        "fields": {
            "codename": "delete_gestore", 
            "name": "Can delete gestore", 
            "content_type": 13
        }
    }, 
    {
        "pk": 64, 
        "model": "auth.permission", 
        "fields": {
            "codename": "add_obiettivo", 
            "name": "Can add obiettivo", 
            "content_type": 22
        }
    }, 
    {
        "pk": 65, 
        "model": "auth.permission", 
        "fields": {
            "codename": "change_obiettivo", 
            "name": "Can change obiettivo", 
            "content_type": 22
        }
    }, 
    {
        "pk": 66, 
        "model": "auth.permission", 
        "fields": {
            "codename": "delete_obiettivo", 
            "name": "Can delete obiettivo", 
            "content_type": 22
        }
    }, 
    {
        "pk": 61, 
        "model": "auth.permission", 
        "fields": {
            "codename": "add_pianotariffario", 
            "name": "Can add piano tariffario", 
            "content_type": 21
        }
    }, 
    {
        "pk": 62, 
        "model": "auth.permission", 
        "fields": {
            "codename": "change_pianotariffario", 
            "name": "Can change piano tariffario", 
            "content_type": 21
        }
    }, 
    {
        "pk": 63, 
        "model": "auth.permission", 
        "fields": {
            "codename": "delete_pianotariffario", 
            "name": "Can delete piano tariffario", 
            "content_type": 21
        }
    }, 
    {
        "pk": 52, 
        "model": "auth.permission", 
        "fields": {
            "codename": "add_referente", 
            "name": "Can add referente", 
            "content_type": 18
        }
    }, 
    {
        "pk": 53, 
        "model": "auth.permission", 
        "fields": {
            "codename": "change_referente", 
            "name": "Can change referente", 
            "content_type": 18
        }
    }, 
    {
        "pk": 54, 
        "model": "auth.permission", 
        "fields": {
            "codename": "delete_referente", 
            "name": "Can delete referente", 
            "content_type": 18
        }
    }, 
    {
        "pk": 31, 
        "model": "auth.permission", 
        "fields": {
            "codename": "add_retribuzionedipendente", 
            "name": "Can add retribuzione dipendente", 
            "content_type": 11
        }
    }, 
    {
        "pk": 32, 
        "model": "auth.permission", 
        "fields": {
            "codename": "change_retribuzionedipendente", 
            "name": "Can change retribuzione dipendente", 
            "content_type": 11
        }
    }, 
    {
        "pk": 33, 
        "model": "auth.permission", 
        "fields": {
            "codename": "delete_retribuzionedipendente", 
            "name": "Can delete retribuzione dipendente", 
            "content_type": 11
        }
    }, 
    {
        "pk": 46, 
        "model": "auth.permission", 
        "fields": {
            "codename": "add_serviziotariffa", 
            "name": "Can add servizio tariffa", 
            "content_type": 16
        }
    }, 
    {
        "pk": 47, 
        "model": "auth.permission", 
        "fields": {
            "codename": "change_serviziotariffa", 
            "name": "Can change servizio tariffa", 
            "content_type": 16
        }
    }, 
    {
        "pk": 48, 
        "model": "auth.permission", 
        "fields": {
            "codename": "delete_serviziotariffa", 
            "name": "Can delete servizio tariffa", 
            "content_type": 16
        }
    }, 
    {
        "pk": 49, 
        "model": "auth.permission", 
        "fields": {
            "codename": "add_tariffa", 
            "name": "Can add tariffa", 
            "content_type": 17
        }
    }, 
    {
        "pk": 50, 
        "model": "auth.permission", 
        "fields": {
            "codename": "change_tariffa", 
            "name": "Can change tariffa", 
            "content_type": 17
        }
    }, 
    {
        "pk": 51, 
        "model": "auth.permission", 
        "fields": {
            "codename": "delete_tariffa", 
            "name": "Can delete tariffa", 
            "content_type": 17
        }
    }, 
    {
        "pk": 40, 
        "model": "auth.permission", 
        "fields": {
            "codename": "add_tipologiatariffa", 
            "name": "Can add tipologia tariffa", 
            "content_type": 14
        }
    }, 
    {
        "pk": 41, 
        "model": "auth.permission", 
        "fields": {
            "codename": "change_tipologiatariffa", 
            "name": "Can change tipologia tariffa", 
            "content_type": 14
        }
    }, 
    {
        "pk": 42, 
        "model": "auth.permission", 
        "fields": {
            "codename": "delete_tipologiatariffa", 
            "name": "Can delete tipologia tariffa", 
            "content_type": 14
        }
    }, 
    {
        "pk": 28, 
        "model": "auth.permission", 
        "fields": {
            "codename": "add_utente", 
            "name": "Can add utente", 
            "content_type": 10
        }
    }, 
    {
        "pk": 29, 
        "model": "auth.permission", 
        "fields": {
            "codename": "change_utente", 
            "name": "Can change utente", 
            "content_type": 10
        }
    }, 
    {
        "pk": 30, 
        "model": "auth.permission", 
        "fields": {
            "codename": "delete_utente", 
            "name": "Can delete utente", 
            "content_type": 10
        }
    }, 
    {
        "pk": 4, 
        "model": "auth.permission", 
        "fields": {
            "codename": "add_group", 
            "name": "Can add group", 
            "content_type": 2
        }
    }, 
    {
        "pk": 5, 
        "model": "auth.permission", 
        "fields": {
            "codename": "change_group", 
            "name": "Can change group", 
            "content_type": 2
        }
    }, 
    {
        "pk": 6, 
        "model": "auth.permission", 
        "fields": {
            "codename": "delete_group", 
            "name": "Can delete group", 
            "content_type": 2
        }
    }, 
    {
        "pk": 10, 
        "model": "auth.permission", 
        "fields": {
            "codename": "add_message", 
            "name": "Can add message", 
            "content_type": 4
        }
    }, 
    {
        "pk": 11, 
        "model": "auth.permission", 
        "fields": {
            "codename": "change_message", 
            "name": "Can change message", 
            "content_type": 4
        }
    }, 
    {
        "pk": 12, 
        "model": "auth.permission", 
        "fields": {
            "codename": "delete_message", 
            "name": "Can delete message", 
            "content_type": 4
        }
    }, 
    {
        "pk": 1, 
        "model": "auth.permission", 
        "fields": {
            "codename": "add_permission", 
            "name": "Can add permission", 
            "content_type": 1
        }
    }, 
    {
        "pk": 2, 
        "model": "auth.permission", 
        "fields": {
            "codename": "change_permission", 
            "name": "Can change permission", 
            "content_type": 1
        }
    }, 
    {
        "pk": 3, 
        "model": "auth.permission", 
        "fields": {
            "codename": "delete_permission", 
            "name": "Can delete permission", 
            "content_type": 1
        }
    }, 
    {
        "pk": 7, 
        "model": "auth.permission", 
        "fields": {
            "codename": "add_user", 
            "name": "Can add user", 
            "content_type": 3
        }
    }, 
    {
        "pk": 8, 
        "model": "auth.permission", 
        "fields": {
            "codename": "change_user", 
            "name": "Can change user", 
            "content_type": 3
        }
    }, 
    {
        "pk": 9, 
        "model": "auth.permission", 
        "fields": {
            "codename": "delete_user", 
            "name": "Can delete user", 
            "content_type": 3
        }
    }, 
    {
        "pk": 13, 
        "model": "auth.permission", 
        "fields": {
            "codename": "add_contenttype", 
            "name": "Can add content type", 
            "content_type": 5
        }
    }, 
    {
        "pk": 14, 
        "model": "auth.permission", 
        "fields": {
            "codename": "change_contenttype", 
            "name": "Can change content type", 
            "content_type": 5
        }
    }, 
    {
        "pk": 15, 
        "model": "auth.permission", 
        "fields": {
            "codename": "delete_contenttype", 
            "name": "Can delete content type", 
            "content_type": 5
        }
    }, 
    {
        "pk": 16, 
        "model": "auth.permission", 
        "fields": {
            "codename": "add_session", 
            "name": "Can add session", 
            "content_type": 6
        }
    }, 
    {
        "pk": 17, 
        "model": "auth.permission", 
        "fields": {
            "codename": "change_session", 
            "name": "Can change session", 
            "content_type": 6
        }
    }, 
    {
        "pk": 18, 
        "model": "auth.permission", 
        "fields": {
            "codename": "delete_session", 
            "name": "Can delete session", 
            "content_type": 6
        }
    }, 
    {
        "pk": 19, 
        "model": "auth.permission", 
        "fields": {
            "codename": "add_site", 
            "name": "Can add site", 
            "content_type": 7
        }
    }, 
    {
        "pk": 20, 
        "model": "auth.permission", 
        "fields": {
            "codename": "change_site", 
            "name": "Can change site", 
            "content_type": 7
        }
    }, 
    {
        "pk": 21, 
        "model": "auth.permission", 
        "fields": {
            "codename": "delete_site", 
            "name": "Can delete site", 
            "content_type": 7
        }
    }, 
    {
        "pk": 1, 
        "model": "auth.group", 
        "fields": {
            "name": "amministratore", 
            "permissions": []
        }
    }, 
    {
        "pk": 2, 
        "model": "auth.group", 
        "fields": {
            "name": "telefonista", 
            "permissions": []
        }
    }, 
    {
        "pk": 7, 
        "model": "auth.user", 
        "fields": {
            "username": "salva", 
            "first_name": "salvatore", 
            "last_name": "curzi", 
            "is_active": true, 
            "is_superuser": false, 
            "is_staff": false, 
            "last_login": "2012-03-22 11:38:33", 
            "groups": [
                1
            ], 
            "user_permissions": [], 
            "password": "sha1$c5c01$bb89f039e37732fa8f82df96e0d0ccdb41c8b6b9", 
            "email": "salva@yahoo.it", 
            "date_joined": "2012-03-20 10:46:58"
        }
    }, 
    {
        "pk": 8, 
        "model": "auth.user", 
        "fields": {
            "username": "marina", 
            "first_name": "", 
            "last_name": "", 
            "is_active": true, 
            "is_superuser": false, 
            "is_staff": false, 
            "last_login": "2012-03-21 16:54:06", 
            "groups": [
                2
            ], 
            "user_permissions": [], 
            "password": "sha1$45b9e$f8392cc33723d674db442ae7f3465ff3280f3653", 
            "email": "", 
            "date_joined": "2012-03-20 15:51:59"
        }
    }
]