[
    {
        "pk": 1, 
        "model": "administration.dipendente", 
        "fields": {
            "account": null, 
            "data_assunzione": "2011-01-01", 
            "nome": "PIPPO", 
            "cognome": "BOTTICELLA", 
            "data_licenziamento": null, 
            "modifica": "2012-05-28 17:01:34", 
            "creazione": "2012-05-28 15:36:17", 
            "ruolo": "agt", 
            "cellulare": "+393407630767", 
            "telefono": "0735781861", 
            "email": "pippo.botticella@mobiltimesrl.it"
        }
    }, 
    {
        "pk": 2, 
        "model": "administration.dipendente", 
        "fields": {
            "account": 4, 
            "data_assunzione": "2011-01-01", 
            "nome": "AMBRA", 
            "cognome": "PAGNANELLI", 
            "data_licenziamento": null, 
            "modifica": "2012-05-28 16:47:49", 
            "creazione": "2012-05-28 16:05:51", 
            "ruolo": "tel", 
            "cellulare": "3467385329", 
            "telefono": "3335008484", 
            "email": "AMBRA@ALICE.IT"
        }
    }, 
    {
        "pk": 3, 
        "model": "administration.dipendente", 
        "fields": {
            "account": null, 
            "data_assunzione": "2012-06-12", 
            "nome": "PROVA", 
            "cognome": "PROVA", 
            "data_licenziamento": null, 
            "modifica": "2012-06-12 21:29:07", 
            "creazione": "2012-06-12 21:29:07", 
            "ruolo": "agt", 
            "cellulare": "", 
            "telefono": "", 
            "email": "salladini@virgilio.it"
        }
    }, 
    {
        "pk": 3, 
        "model": "administration.retribuzionedipendente", 
        "fields": {
            "dipendente": 3, 
            "provvigione_bonus": "provvigione:10.0,blindato:1;", 
            "data_fine": null, 
            "principale": true, 
            "modifica": "2012-06-12 21:29:07", 
            "creazione": "2012-06-12 21:29:07", 
            "provvigione_contratto": "50.00", 
            "variazione": false, 
            "fisso": "200.00", 
            "data_inizio": "2012-06-12"
        }
    }, 
    {
        "pk": 1, 
        "model": "administration.retribuzionedipendente", 
        "fields": {
            "dipendente": 1, 
            "provvigione_bonus": "provvigione:10.0,blindato:1;", 
            "data_fine": null, 
            "principale": true, 
            "modifica": "2012-05-28 15:36:17", 
            "creazione": "2012-05-28 15:36:17", 
            "provvigione_contratto": "50.00", 
            "variazione": false, 
            "fisso": "0.00", 
            "data_inizio": "2011-01-01"
        }
    }, 
    {
        "pk": 2, 
        "model": "administration.retribuzionedipendente", 
        "fields": {
            "dipendente": 2, 
            "provvigione_bonus": "provvigione:1.0,tipo:sim;provvigione:10.0,gestore:telecom,servizio:ull;provvigione:10.0,gestore:telecom,servizio:nip;provvigione:5.0,tipo:adsl;provvigione:10.0,fascia:premium,tipo:adsl;", 
            "data_fine": null, 
            "principale": true, 
            "modifica": "2012-05-28 16:05:51", 
            "creazione": "2012-05-28 16:05:51", 
            "provvigione_contratto": "10.00", 
            "variazione": false, 
            "fisso": "500.00", 
            "data_inizio": "2011-01-01"
        }
    }, 
    {
        "pk": 3, 
        "model": "administration.cliente", 
        "fields": {
            "residenza": "NOVARA", 
            "indirizzo": "VIA ZECCA 2/A", 
            "tipo": "bus", 
            "partiva_codfisc": "01955200033", 
            "nome": "ELISA", 
            "cognome": "PIROLA", 
            "denominazione": "ELITE DI PIROLA ELISA", 
            "fax": "", 
            "modifica": "2012-05-28 16:08:04", 
            "blindato": false, 
            "nota": "", 
            "cellulare": "", 
            "creazione": "2012-05-28 16:08:04", 
            "telefono": "3342413773", 
            "email": "elisa.pirola@alice.it"
        }
    }, 
    {
        "pk": 1, 
        "model": "administration.clienteappuntamento", 
        "fields": {
            "residenza": "NOVARA", 
            "indirizzo": "VIA ZECCA 2/A", 
            "tipo": "bus", 
            "nome": "ELISA", 
            "cognome": "PIROLA", 
            "denominazione": "ELITE DI PIROLA ELISA", 
            "fax": "", 
            "modifica": "2012-05-28 16:49:02", 
            "blindato": false, 
            "nota": "ANDARE PUNTUALI", 
            "cellulare": "", 
            "creazione": "2012-05-28 16:49:02", 
            "telefono": "3342413773", 
            "email": "elisa.pirola@alice.it"
        }
    }, 
    {
        "pk": 6, 
        "model": "administration.clienteappuntamento", 
        "fields": {
            "residenza": "ACQUAVIVA PICENA", 
            "indirizzo": "CONTRADA SANT'ANGELO, 8", 
            "tipo": "bus", 
            "nome": "DAVIDE", 
            "cognome": "SALLADINI", 
            "denominazione": "EURO MAINT DI SALLADINI DAVIDE", 
            "fax": "", 
            "modifica": "2012-06-12 21:26:27", 
            "blindato": false, 
            "nota": "", 
            "cellulare": "3275645445", 
            "creazione": "2012-06-12 21:26:27", 
            "telefono": "3275645445", 
            "email": "info@euro-maint.eu"
        }
    }, 
    {
        "pk": 2, 
        "model": "administration.clienteappuntamento", 
        "fields": {
            "residenza": "SAN BENEDETTO", 
            "indirizzo": "via voltattorni", 
            "tipo": "bus", 
            "nome": "PALLO", 
            "cognome": "PINCO", 
            "denominazione": "PINCO PALLO SRL", 
            "fax": "", 
            "modifica": "2012-05-28 16:56:48", 
            "blindato": false, 
            "nota": "", 
            "cellulare": "3342413773", 
            "creazione": "2012-05-28 16:56:48", 
            "telefono": "0735781861", 
            "email": "PINCO@ALICE.IT"
        }
    }, 
    {
        "pk": 3, 
        "model": "administration.clienteappuntamento", 
        "fields": {
            "residenza": "", 
            "indirizzo": "", 
            "tipo": "pri", 
            "nome": "", 
            "cognome": "", 
            "denominazione": "PROVA", 
            "fax": "", 
            "modifica": "2012-05-28 16:59:53", 
            "blindato": false, 
            "nota": "", 
            "cellulare": "3342413773", 
            "creazione": "2012-05-28 16:59:53", 
            "telefono": "0321628744", 
            "email": ""
        }
    }, 
    {
        "pk": 5, 
        "model": "administration.clienteappuntamento", 
        "fields": {
            "residenza": "", 
            "indirizzo": "", 
            "tipo": "pri", 
            "nome": "", 
            "cognome": "", 
            "denominazione": "PROVA", 
            "fax": "", 
            "modifica": "2012-06-12 21:19:25", 
            "blindato": false, 
            "nota": "", 
            "cellulare": "", 
            "creazione": "2012-06-12 21:19:25", 
            "telefono": "", 
            "email": ""
        }
    }, 
    {
        "pk": 4, 
        "model": "administration.clienteappuntamento", 
        "fields": {
            "residenza": "ASCOLI PICENO", 
            "indirizzo": "FRAZ. CAMPOLUNGO", 
            "tipo": "bus", 
            "nome": "ROSSANA", 
            "cognome": "", 
            "denominazione": "TIPOGRAFIA TACCONI", 
            "fax": "", 
            "modifica": "2012-05-28 17:09:33", 
            "blindato": false, 
            "nota": "", 
            "cellulare": "", 
            "creazione": "2012-05-28 17:09:33", 
            "telefono": "0736811425", 
            "email": ""
        }
    }, 
    {
        "pk": "EDISON", 
        "model": "administration.gestore", 
        "fields": {}
    }, 
    {
        "pk": "TELECOM", 
        "model": "administration.gestore", 
        "fields": {}
    }, 
    {
        "pk": "TIM", 
        "model": "administration.gestore", 
        "fields": {}
    }, 
    {
        "pk": 3, 
        "model": "administration.tipologiatariffa", 
        "fields": {
            "denominazione": "GAS  RESIDENZIALE", 
            "gestore": "EDISON"
        }
    }, 
    {
        "pk": 4, 
        "model": "administration.tipologiatariffa", 
        "fields": {
            "denominazione": "GAS P.IVA", 
            "gestore": "EDISON"
        }
    }, 
    {
        "pk": 6, 
        "model": "administration.tipologiatariffa", 
        "fields": {
            "denominazione": "LUCE P.IVA", 
            "gestore": "EDISON"
        }
    }, 
    {
        "pk": 5, 
        "model": "administration.tipologiatariffa", 
        "fields": {
            "denominazione": "LUCE RESIDENZIALE", 
            "gestore": "EDISON"
        }
    }, 
    {
        "pk": 9, 
        "model": "administration.tipologiatariffa", 
        "fields": {
            "denominazione": "ADSL", 
            "gestore": "TELECOM"
        }
    }, 
    {
        "pk": 11, 
        "model": "administration.tipologiatariffa", 
        "fields": {
            "denominazione": "VOCE", 
            "gestore": "TELECOM"
        }
    }, 
    {
        "pk": 2, 
        "model": "administration.tipologiatariffa", 
        "fields": {
            "denominazione": "DATI", 
            "gestore": "TIM"
        }
    }, 
    {
        "pk": 1, 
        "model": "administration.tipologiatariffa", 
        "fields": {
            "denominazione": "SIM", 
            "gestore": "TIM"
        }
    }, 
    {
        "pk": 5, 
        "model": "administration.fasciatariffa", 
        "fields": {
            "denominazione": "HIGH", 
            "gestore": "TELECOM"
        }
    }, 
    {
        "pk": 4, 
        "model": "administration.fasciatariffa", 
        "fields": {
            "denominazione": "MEDIUM", 
            "gestore": "TELECOM"
        }
    }, 
    {
        "pk": 6, 
        "model": "administration.fasciatariffa", 
        "fields": {
            "denominazione": "PREMIUM", 
            "gestore": "TELECOM"
        }
    }, 
    {
        "pk": 3, 
        "model": "administration.fasciatariffa", 
        "fields": {
            "denominazione": "HIGH", 
            "gestore": "TIM"
        }
    }, 
    {
        "pk": 1, 
        "model": "administration.fasciatariffa", 
        "fields": {
            "denominazione": "LOW ", 
            "gestore": "TIM"
        }
    }, 
    {
        "pk": 2, 
        "model": "administration.fasciatariffa", 
        "fields": {
            "denominazione": "MEDIUM", 
            "gestore": "TIM"
        }
    }, 
    {
        "pk": 7, 
        "model": "administration.serviziotariffa", 
        "fields": {
            "denominazione": "20 MB", 
            "gestore": "TELECOM"
        }
    }, 
    {
        "pk": 6, 
        "model": "administration.serviziotariffa", 
        "fields": {
            "denominazione": "7 MB", 
            "gestore": "TELECOM"
        }
    }, 
    {
        "pk": 2, 
        "model": "administration.serviziotariffa", 
        "fields": {
            "denominazione": "NIP", 
            "gestore": "TELECOM"
        }
    }, 
    {
        "pk": 8, 
        "model": "administration.serviziotariffa", 
        "fields": {
            "denominazione": "PREMIUM", 
            "gestore": "TELECOM"
        }
    }, 
    {
        "pk": 1, 
        "model": "administration.serviziotariffa", 
        "fields": {
            "denominazione": "ULL", 
            "gestore": "TELECOM"
        }
    }, 
    {
        "pk": 4, 
        "model": "administration.serviziotariffa", 
        "fields": {
            "denominazione": "AL", 
            "gestore": "TIM"
        }
    }, 
    {
        "pk": 3, 
        "model": "administration.serviziotariffa", 
        "fields": {
            "denominazione": "MNP", 
            "gestore": "TIM"
        }
    }, 
    {
        "pk": 5, 
        "model": "administration.serviziotariffa", 
        "fields": {
            "denominazione": "VIRTUALE", 
            "gestore": "TIM"
        }
    }, 
    {
        "pk": 1, 
        "model": "administration.tariffa", 
        "fields": {
            "attivo": true, 
            "servizio": null, 
            "tipo": null, 
            "sac": "40.00", 
            "profilo": "VALORE 150", 
            "gestore": "TIM", 
            "modifica": "2012-05-29 23:47:17", 
            "creazione": "2012-05-28 16:02:29", 
            "punteggio": "1.00", 
            "fascia": null
        }
    }, 
    {
        "pk": 2, 
        "model": "administration.tariffa", 
        "fields": {
            "attivo": true, 
            "servizio": null, 
            "tipo": null, 
            "sac": "40.00", 
            "profilo": "VALORE 150", 
            "gestore": "TIM", 
            "modifica": "2012-05-28 16:02:45", 
            "creazione": "2012-05-28 16:02:45", 
            "punteggio": "1.00", 
            "fascia": null
        }
    }, 
    {
        "pk": 3, 
        "model": "administration.tariffa", 
        "fields": {
            "attivo": true, 
            "servizio": null, 
            "tipo": null, 
            "sac": "40.00", 
            "profilo": "VALORE 150", 
            "gestore": "TIM", 
            "modifica": "2012-05-28 16:03:02", 
            "creazione": "2012-05-28 16:03:02", 
            "punteggio": "1.00", 
            "fascia": null
        }
    }, 
    {
        "pk": 2, 
        "model": "administration.referente", 
        "fields": {
            "nome": "PALLO", 
            "cognome": "PINCO", 
            "qualifica": "TITOLARE", 
            "modifica": "2012-05-28 16:57:13", 
            "creazione": "2012-05-28 16:57:13", 
            "cellulare": "", 
            "telefono": "0735781861", 
            "email": "PINCO@ALICE.IT"
        }
    }, 
    {
        "pk": 3, 
        "model": "administration.referente", 
        "fields": {
            "nome": "PALLO", 
            "cognome": "PINCO", 
            "qualifica": "", 
            "modifica": "2012-05-28 17:00:25", 
            "creazione": "2012-05-28 17:00:25", 
            "cellulare": "", 
            "telefono": "0735781861", 
            "email": ""
        }
    }, 
    {
        "pk": 1, 
        "model": "administration.referente", 
        "fields": {
            "nome": "ELISA", 
            "cognome": "PIROLA", 
            "qualifica": "TITOLARE", 
            "modifica": "2012-05-28 16:49:33", 
            "creazione": "2012-05-28 16:49:33", 
            "cellulare": "", 
            "telefono": "3342413773", 
            "email": "elisa.pirola@alice.it"
        }
    }, 
    {
        "pk": 4, 
        "model": "administration.referente", 
        "fields": {
            "nome": "ROSSANA", 
            "cognome": "ROSSANA", 
            "qualifica": "RESPONSABILE", 
            "modifica": "2012-05-28 17:10:29", 
            "creazione": "2012-05-28 17:10:29", 
            "cellulare": "", 
            "telefono": "0736811425", 
            "email": ""
        }
    }, 
    {
        "pk": 5, 
        "model": "administration.referente", 
        "fields": {
            "nome": "DAVIDE", 
            "cognome": "SALLADINI", 
            "qualifica": "TITOLARE", 
            "modifica": "2012-06-12 21:27:15", 
            "creazione": "2012-06-12 21:27:15", 
            "cellulare": "", 
            "telefono": "", 
            "email": ""
        }
    }, 
    {
        "pk": 5, 
        "model": "administration.appuntamento", 
        "fields": {
            "nota_esito": "", 
            "agente": 3, 
            "referente": null, 
            "richiamare": false, 
            "data_richiamare": null, 
            "modifica": "2012-06-12 21:28:03", 
            "creazione": "2012-06-12 21:28:03", 
            "num_sim": "5", 
            "nota": "PROVA", 
            "gestore_mob": "TIM", 
            "data_assegnazione": "2012-06-12", 
            "telefonista": 2, 
            "data": "2012-06-12 21:25:00", 
            "cliente": 6, 
            "data_contatto": "2012-06-12", 
            "gestore_fisso": "WIND"
        }
    }, 
    {
        "pk": 2, 
        "model": "administration.appuntamento", 
        "fields": {
            "nota_esito": "", 
            "agente": 1,
            "referente": null, 
            "richiamare": false, 
            "data_richiamare": null, 
            "modifica": "2012-05-28 16:57:38", 
            "creazione": "2012-05-28 16:57:38", 
            "num_sim": "3", 
            "nota": "PUNTUALI", 
            "gestore_mob": "WIND", 
            "data_assegnazione": null, 
            "telefonista": 2, 
            "data": "2012-05-30 16:56:00", 
            "cliente": 2, 
            "data_contatto": "2012-05-28", 
            "gestore_fisso": "TELECOM"
        }
    }, 
    {
        "pk": 4, 
        "model": "administration.appuntamento", 
        "fields": {
            "nota_esito": "", 
            "agente": 1,
            "referente": 4, 
            "richiamare": false, 
            "data_richiamare": null, 
            "modifica": "2012-05-28 17:11:12", 
            "creazione": "2012-05-28 17:11:12", 
            "num_sim": "2", 
            "nota": "PAGA 400 EURO AL MESE PER FISSO", 
            "gestore_mob": "POSTE MOBILE", 
            "data_assegnazione": null, 
            "telefonista": 2, 
            "data": "2012-05-29 10:00:00", 
            "cliente": 4, 
            "data_contatto": "2012-05-28", 
            "gestore_fisso": "TELECOM"
        }
    }
]